﻿<?xml version="1.0" encoding="windows-1251"?>
<string_table>
	<!-- Communities -->
	<string id="ui_st_community">
		<text>세력</text>
	</string>

	<!-- Actor Factions -->
	<string id="actor">
		<text>로너</text>
	</string>
	<string id="actor_army">
		<text>내무군</text>
	</string>
	<string id="actor_bandit">
		<text>밴딧</text>
	</string>
	<string id="actor_csky">
		<text>클리어 스카이</text>
	</string>
	<string id="actor_dolg">
		<text>듀티</text>
	</string>
	<string id="actor_ecolog">
		<text>과학자</text>
	</string>
	<string id="actor_freedom">
		<text>프리덤</text>
	</string>
	<string id="actor_killer">
		<text>용병</text>
	</string>
	<string id="actor_monolith">
		<text>모노리스</text>
	</string>
	<string id="actor_monster">
		<text>뮤턴트</text>
	</string>
	<string id="actor_stalker">
		<text>로너</text>
	</string>
	<string id="actor_renegade">
		<text>레네게이드</text>
	</string>
	<string id="actor_greh">
		<text>씬</text>
	</string>
	<string id="actor_isg">
		<text>UNISG</text>
	</string>
	<string id="actor_zombied">
		<text>좀비화 스토커</text>
	</string>

	<string id="army">
		<text>내무군</text>
	</string>
	<string id="bandit">
		<text>밴딧</text>
	</string>
	<string id="csky">
		<text>클리어 스카이</text>
	</string>
	<string id="dolg">
		<text>듀티</text>
	</string>
	<string id="ecolog">
		<text>과학자</text>
	</string>
	<string id="freedom">
		<text>프리덤</text>
	</string>
	<string id="killer">
		<text>용병</text>
	</string>
	<string id="monolith">
		<text>모노리스</text>
	</string>
	<string id="monster">
		<text>뮤턴트</text>
	</string>
	<string id="zombied">
		<text>좀비화 스토커</text>
	</string>
	<string id="greh">
		<text>씬</text>
	</string>
	<string id="isg">
		<text>UNISG</text>
	</string>
	<string id="renegade">
		<text>레네게이드</text>
	</string>
	<string id="greh_npc">
		<text>씬</text>
	</string>
	<string id="army_npc">
		<text>내무군</text>
	</string>

	<!-- Goodwill -->
	<string id="ui_st_relation">
		<text>관계</text>
	</string>
	<string id="st_goodwill_enemy">
		<text>적</text>
	</string>
	<string id="st_goodwill_indifferent">
		<text>중립</text>
	</string>
	<string id="st_goodwill_friendly">
		<text>친구</text>
	</string>

	<!-- Ranks -->
	<string id="ui_st_rank">
		<text>등급</text>
	</string>
	<string id="st_rank_novice">
		<text>뉴비</text>
	</string>
	<string id="st_rank_trainee">
		<text>루키</text>
	</string>
	<string id="st_rank_experienced">
		<text>아마추어</text>
	</string>
	<string id="st_rank_professional">
		<text>프로</text>
	</string>
	<string id="st_rank_veteran">
		<text>베테랑</text>
	</string>
	<string id="st_rank_expert">
		<text>전문가</text>
	</string>
	<string id="st_rank_master">
		<text>마스터</text>
	</string>
	<string id="st_rank_legend">
		<text>전설</text>
	</string>

	<!-- Reputations -->
	<string id="ui_st_reputation">
		<text>평판</text>
	</string>
	<string id="st_reputation_terrible">
		<text>매우 끔찍함</text>
	</string>
	<string id="st_reputation_really_bad">
		<text>끔찍함</text>
	</string>
	<string id="st_reputation_very_bad">
		<text>아주 나쁨</text>
	</string>
	<string id="st_reputation_bad">
		<text>나쁨</text>
	</string>
	<string id="st_reputation_neutral">
		<text>중립</text>
	</string>
	<string id="st_reputation_good">
		<text>좋음</text>
	</string>
	<string id="st_reputation_very_good">
		<text>아주 좋음</text>
	</string>
	<string id="st_reputation_really_good">
		<text>훌륭함</text>
	</string>
	<string id="st_reputation_excellent">
		<text>매우 훌륭함</text>
	</string>

	<!-- Notifications -->
	<string id="st_rank_increased">
		<text>당신의 등급이 상승되었습니다.</text>
	</string>
	<string id="st_rank_decreased">
		<text>당신의 등급이 하락하였습니다.</text>
	</string>
	<string id="st_reputation_increased">
		<text>당신의 평판이 상승되었습니다.</text>
	</string>
	<string id="st_reputation_decreased">
		<text>당신의 평판이 하락하였습니다.</text>
	</string>
	
	<!-- Dynamic Relations - News building -->
    <string id="st_relations_and">
        <text>그리고</text>
    </string>
    <string id="st_relations_declared_war">
        <text>세력이 서로 전쟁을 선포했습니다.</text>
    </string>
    <string id="st_relations_alliance">
        <text>세력이 동맹을 맺었습니다.</text>
    </string>
    <string id="st_relations_deteriorating">
        <text>세력과의 관계가 나빠졌습니다.</text>
    </string>
    <string id="st_relations_cease_fire">
        <text>세력들은 휴전을 선언했습니다.</text>
    </string>
	
	<!-- Dynamic Relations - Goodwill-->
	<string id="st_ui_goodwill_name">
        <text>호감도</text>
    </string>
	<string id="st_ui_goodwill_5">
        <text>최대</text>
    </string>
	<string id="st_ui_goodwill_4">
        <text>아주 좋음</text>
    </string>
	<string id="st_ui_goodwill_3">
        <text>좋음</text>
    </string>
	<string id="st_ui_goodwill_2">
        <text>보통</text>
    </string>
	<string id="st_ui_goodwill_1">
        <text>낮음</text>
    </string>
	
</string_table>
